[
  {
    "title": "STEM Access Kits",
    "description": "Low-cost, visual-guided activities (30\u201345 min).",
    "length_min": 45,
    "cost_per_student": 7
  },
  {
    "title": "Inclusive Clubs",
    "description": "Weekly 60-minute sessions with routines and a quiet space.",
    "length_min": 60,
    "cost_per_student": 0
  },
  {
    "title": "Caregiver Micro-Workshops",
    "description": "30-minute practical strategies that extend learning at home.",
    "length_min": 30,
    "cost_per_student": 0
  }
]